{
 "crpix": [
  4608.5,
  4616.5
 ],
 "sip_order": 3,
 "chips": {
  "M": {
   "cd": [
    [
     -0.00010982071282453852,
     -1.1277470812605681e-06
    ],
    [
     1.3742025132539568e-07,
     0.00010974286760811001
    ]
   ],
   "scale_arcsec": 0.39521,
   "rot_deg": 0.07175,
   "dxi_deg": 0.532074,
   "deta_deg": 0.561331,
   "dxi_std_arcsec": 0.45,
   "deta_std_arcsec": 2.32,
   "sip_a": {
    "A_0_2": 5.852709710110406e-07,
    "A_0_3": 2.915022684352671e-12,
    "A_1_1": -1.2509190578881701e-06,
    "A_1_2": -1.240990282789085e-10,
    "A_2_0": 1.7237093945491743e-06,
    "A_2_1": 7.729849553186898e-12,
    "A_3_0": -1.1909891011162075e-10
   },
   "sip_b": {
    "B_0_2": -1.8356488893766815e-06,
    "B_0_3": -1.2219612000916003e-10,
    "B_1_1": 1.1805968315458655e-06,
    "B_1_2": 7.779439216076923e-12,
    "B_2_0": -6.225620692386275e-07,
    "B_2_1": -1.21712394007743e-10,
    "B_3_0": 3.2649778289561925e-12
   },
   "sip_a_std": {
    "A_0_2": 1.497877197488498e-09,
    "A_0_3": 7.537627207071458e-13,
    "A_1_1": 4.905981960767183e-10,
    "A_1_2": 9.63756229196593e-13,
    "A_2_0": 2.4021569069789966e-09,
    "A_2_1": 5.404083807751783e-13,
    "A_3_0": 6.772613439582576e-13
   },
   "sip_b_std": {
    "B_0_2": 2.3463456064695695e-09,
    "B_0_3": 4.552328726250974e-13,
    "B_1_1": 2.877944490869164e-09,
    "B_1_2": 1.0667498417600369e-12,
    "B_2_0": 2.2018384842796346e-09,
    "B_2_1": 1.0156111641215809e-13,
    "B_3_0": 4.825835816544463e-13
   },
   "n_frames": 4
  },
  "K": {
   "cd": [
    [
     -0.00010979337031670324,
     5.74039687807528e-07
    ],
    [
     -6.862902309390847e-07,
     0.00010975978630838166
    ]
   ],
   "scale_arcsec": 0.39519,
   "rot_deg": -0.35825,
   "dxi_deg": -0.536753,
   "deta_deg": 0.553706,
   "dxi_std_arcsec": 0.5,
   "deta_std_arcsec": 2.25,
   "sip_a": {
    "A_0_2": -5.944525914763223e-07,
    "A_0_3": -3.01731913866217e-12,
    "A_1_1": -1.2320802642608527e-06,
    "A_1_2": -1.2199410782111545e-10,
    "A_2_0": -1.745298947939241e-06,
    "A_2_1": -7.820905147986341e-12,
    "A_3_0": -1.1840738745380724e-10
   },
   "sip_b": {
    "B_0_2": -1.8152039188750175e-06,
    "B_0_3": -1.2265355709390864e-10,
    "B_1_1": -1.1930107395981801e-06,
    "B_1_2": -7.293983228031151e-12,
    "B_2_0": -6.160290622926028e-07,
    "B_2_1": -1.2183342705739752e-10,
    "B_3_0": -4.03152477578364e-12
   },
   "sip_a_std": {
    "A_0_2": 1.0381542449028098e-09,
    "A_0_3": 6.58777605154819e-13,
    "A_1_1": 3.839377828456061e-09,
    "A_1_2": 4.200065023227748e-13,
    "A_2_0": 2.0942963026852485e-09,
    "A_2_1": 4.888731622810636e-13,
    "A_3_0": 2.6726377364745244e-13
   },
   "sip_b_std": {
    "B_0_2": 1.7661454769343662e-09,
    "B_0_3": 5.963956282936761e-13,
    "B_1_1": 3.750559984756331e-09,
    "B_1_2": 1.0136472561231114e-12,
    "B_2_0": 3.8966195990227246e-09,
    "B_2_1": 4.196975502418437e-13,
    "B_3_0": 1.6153283181555544e-12
   },
   "n_frames": 4
  },
  "N": {
   "cd": [
    [
     -0.00010981206923315324,
     -2.4215493906716834e-07
    ],
    [
     -1.4890635238262038e-06,
     0.00010975071535149076
    ]
   ],
   "scale_arcsec": 0.39522,
   "rot_deg": -0.77732,
   "dxi_deg": 0.535671,
   "deta_deg": -0.56375,
   "dxi_std_arcsec": 0.32,
   "deta_std_arcsec": 2.31,
   "sip_a": {
    "A_0_2": 5.855715666065737e-07,
    "A_0_3": -5.756038617197407e-12,
    "A_1_1": 1.2553577031856631e-06,
    "A_1_2": -1.239208708722586e-10,
    "A_2_0": 1.719265804330366e-06,
    "A_2_1": -8.840582771660743e-12,
    "A_3_0": -1.195485654378192e-10
   },
   "sip_b": {
    "B_0_2": 1.834015867089444e-06,
    "B_0_3": -1.2322759838883767e-10,
    "B_1_1": 1.18151260009345e-06,
    "B_1_2": -8.566567710076336e-12,
    "B_2_0": 6.247933361006574e-07,
    "B_2_1": -1.2297834023659878e-10,
    "B_3_0": -3.3678004503909055e-12
   },
   "sip_a_std": {
    "A_0_2": 2.068453258892485e-09,
    "A_0_3": 6.085250394161442e-13,
    "A_1_1": 1.8793149435485443e-09,
    "A_1_2": 4.922277889303176e-13,
    "A_2_0": 3.92323151369335e-09,
    "A_2_1": 6.849844499924851e-13,
    "A_3_0": 3.742689328650744e-13
   },
   "sip_b_std": {
    "B_0_2": 1.1051092727142488e-09,
    "B_0_3": 1.0099388739214482e-12,
    "B_1_1": 3.994501629764985e-09,
    "B_1_2": 4.287963701137257e-13,
    "B_2_0": 2.037191921886041e-09,
    "B_2_1": 6.223070459631599e-13,
    "B_3_0": 3.658885827633411e-13
   },
   "n_frames": 4
  },
  "T": {
   "cd": [
    [
     -0.00010980206713761523,
     -8.140149668166726e-07
    ],
    [
     4.5854968262814364e-07,
     0.0001097507563576166
    ]
   ],
   "scale_arcsec": 0.39519,
   "rot_deg": 0.23939,
   "dxi_deg": -0.532896,
   "deta_deg": -0.56501,
   "dxi_std_arcsec": 0.34,
   "deta_std_arcsec": 2.19,
   "sip_a": {
    "A_0_2": -5.925812455088584e-07,
    "A_0_3": 6.166687638947731e-12,
    "A_1_1": 1.2297916129903938e-06,
    "A_1_2": -1.2333505142525513e-10,
    "A_2_0": -1.7490519235862553e-06,
    "A_2_1": 7.661879565553634e-12,
    "A_3_0": -1.2117484983382102e-10
   },
   "sip_b": {
    "B_0_2": 1.8231267240028745e-06,
    "B_0_3": -1.2129166205293596e-10,
    "B_1_1": -1.1950869979786182e-06,
    "B_1_2": 8.702544154513634e-12,
    "B_2_0": 6.163516443448993e-07,
    "B_2_1": -1.2371445816786553e-10,
    "B_3_0": 2.798842507645064e-12
   },
   "sip_a_std": {
    "A_0_2": 2.2368395860726237e-09,
    "A_0_3": 1.1924637475423015e-12,
    "A_1_1": 6.45154587591581e-09,
    "A_1_2": 2.4953836673724655e-13,
    "A_2_0": 4.249063331185817e-09,
    "A_2_1": 1.7891599967830966e-12,
    "A_3_0": 1.7923893421839668e-12
   },
   "sip_b_std": {
    "B_0_2": 2.737694684722762e-09,
    "B_0_3": 1.1293997317754922e-12,
    "B_1_1": 4.933392804679088e-09,
    "B_1_2": 2.860622103327567e-13,
    "B_2_0": 1.232364114698985e-09,
    "B_2_1": 8.220037742722111e-13,
    "B_3_0": 1.2595744419301932e-12
   },
   "n_frames": 4
  }
 },
 "frames": [
  "011103",
  "011104",
  "011105",
  "011106"
 ],
 "refcat": "GaiaDR3(VizieR)",
 "date": "2026-07-02",
 "note": "per-chip mean about chip center; CRVAL from pointing + (dxi,deta)"
}